<?xml version="1.0" encoding="UTF-8"?>
<!DOCTYPE hibernate-configuration PUBLIC
        "-//Hibernate/Hibernate Configuration DTD 3.0//EN"
        "http://hibernate.org/dtd/hibernate-configuration-3.0.dtd">

<hibernate-configuration>
    <session-factory>

        <property name="hibernate.connection.driver_class">com.mysql.cj.jdbc.Driver</property>
        <property name="hibernate.connection.url">jdbc:mysql://localhost:3306/cloud</property>
        <property name="hibernate.connection.username">root</property>
        <property name="hibernate.connection.password">123456</property>
        <property name="hibernate.connection.pool">10</property>
        <property name="hibernate.hbm2ddl.auto">update</property>

        <mapping resource="my.hbm.xml"/>
        <mapping class="com.example.mytest6.Student"/>

    </session-factory>
</hibernate-configuration>