<?xml version="1.0" encoding="UTF-8"?>
<!DOCTYPE hibernate-mapping PUBLIC
        "-//Hibernate/Hibernate Mapping DTD//EN"
        "http://www.hibernate.org/dtd/hibernate-mapping-3.0.dtd">

<hibernate-mapping>
    <class name="com.example.mytest6.Student" table="mystudent">
        <id name="id" column="id" type="int">
            <generator class="native"></generator>
        </id>
        <property name="usn" column="USN" type="string"/>
        <property name="name" column="Name" type="string"/>
        <property name="total_marks" column="marks" type="int"/>
    </class>
</hibernate-mapping>